source,tournament_key,tournament_name,league_id,match_id,start_time_unix,start_time_utc,duration_sec,duration_min,radiant_team_id,radiant_name,dire_team_id,dire_name,radiant_win,winner_side,series_id,series_type,league_name_from_api,opendota_match_url
opendota,ewc_2026,Esports World Cup 2026,19785,8899120700,1784204826,2026-07-16 12:27:06 UTC,3079,51.32,7119388,Team Spirit,9823272,Team Yandex,False,dire,1120911,1,,https://www.opendota.com/matches/8899120700
opendota,ewc_2026,Esports World Cup 2026,19785,8899028080,1784200005,2026-07-16 11:06:45 UTC,2663,44.38,7119388,Team Spirit,9823272,Team Yandex,False,dire,1120911,1,,https://www.opendota.com/matches/8899028080
opendota,ewc_2026,Esports World Cup 2026,19785,8898117600,1784134860,2026-07-15 17:01:00 UTC,1658,27.63,8255888,BoomBoys,10150538,LGD Gaming,True,radiant,1120748,1,,https://www.opendota.com/matches/8898117600
opendota,ewc_2026,Esports World Cup 2026,19785,8898084910,1784133282,2026-07-15 16:34:42 UTC,3799,63.32,10182357,1w,726228,Vici Gaming,False,dire,1120721,1,,https://www.opendota.com/matches/8898084910
opendota,ewc_2026,Esports World Cup 2026,19785,8898003442,1784130021,2026-07-15 15:40:21 UTC,2872,47.87,8255888,BoomBoys,10150538,LGD Gaming,True,radiant,1120748,1,,https://www.opendota.com/matches/8898003442
opendota,ewc_2026,Esports World Cup 2026,19785,8897971312,1784128803,2026-07-15 15:20:03 UTC,2723,45.38,10182357,1w,726228,Vici Gaming,False,dire,1120721,1,,https://www.opendota.com/matches/8897971312
opendota,ewc_2026,Esports World Cup 2026,19785,8897841991,1784124113,2026-07-15 14:01:53 UTC,2510,41.83,726228,Vici Gaming,10182357,1w,False,dire,1120721,1,,https://www.opendota.com/matches/8897841991
opendota,ewc_2026,Esports World Cup 2026,19785,8897831774,1784123767,2026-07-15 13:56:07 UTC,2689,44.82,7119388,Team Spirit,2163,Team Liquid,True,radiant,1120662,1,,https://www.opendota.com/matches/8897831774
opendota,ewc_2026,Esports World Cup 2026,19785,8897696869,1784119160,2026-07-15 12:39:20 UTC,2747,45.78,2163,Team Liquid,7119388,Team Spirit,True,radiant,1120662,1,,https://www.opendota.com/matches/8897696869
opendota,ewc_2026,Esports World Cup 2026,19785,8897695379,1784118474,2026-07-15 12:27:54 UTC,2344,39.07,9895247,Rune Eaters,9467224,Aurora Gaming,True,radiant,1120661,1,,https://www.opendota.com/matches/8897695379
opendota,ewc_2026,Esports World Cup 2026,19785,8897588873,1784113637,2026-07-15 11:07:17 UTC,3389,56.48,7119388,Team Spirit,2163,Team Liquid,True,radiant,1120662,1,,https://www.opendota.com/matches/8897588873
opendota,ewc_2026,Esports World Cup 2026,19785,8897585705,1784113191,2026-07-15 10:59:51 UTC,3064,51.07,9467224,Aurora Gaming,9895247,Rune Eaters,False,dire,1120661,1,,https://www.opendota.com/matches/8897585705
opendota,ewc_2026,Esports World Cup 2026,19785,8896731473,1784051160,2026-07-14 17:46:00 UTC,3786,63.10,9338413,MOUZ,10150538,LGD Gaming,False,dire,1120473,1,,https://www.opendota.com/matches/8896731473
opendota,ewc_2026,Esports World Cup 2026,19785,8896645659,1784047022,2026-07-14 16:37:02 UTC,2094,34.90,9338413,MOUZ,10150538,LGD Gaming,False,dire,1120473,1,,https://www.opendota.com/matches/8896645659
opendota,ewc_2026,Esports World Cup 2026,19785,8896486914,1784040961,2026-07-14 14:56:01 UTC,2463,41.05,2163,Team Liquid,8261500,Xtreme Gaming,True,radiant,1120370,1,,https://www.opendota.com/matches/8896486914
opendota,ewc_2026,Esports World Cup 2026,19785,8896380183,1784037059,2026-07-14 13:50:59 UTC,2331,38.85,9895247,Rune Eaters,9895392,Virtus.pro,True,radiant,1120368,1,,https://www.opendota.com/matches/8896380183
opendota,ewc_2026,Esports World Cup 2026,19785,8896267691,1784033340,2026-07-14 12:49:00 UTC,5633,93.88,2163,Team Liquid,8261500,Xtreme Gaming,True,radiant,1120370,1,,https://www.opendota.com/matches/8896267691
opendota,ewc_2026,Esports World Cup 2026,19785,8896234088,1784031420,2026-07-14 12:17:00 UTC,3840,64.00,9895247,Rune Eaters,9895392,Virtus.pro,True,radiant,1120368,1,,https://www.opendota.com/matches/8896234088
opendota,ewc_2026,Esports World Cup 2026,19785,8896140998,1784027364,2026-07-14 11:09:24 UTC,4155,69.25,8261500,Xtreme Gaming,2163,Team Liquid,True,radiant,1120370,1,,https://www.opendota.com/matches/8896140998
opendota,ewc_2026,Esports World Cup 2026,19785,8896139222,1784026864,2026-07-14 11:01:04 UTC,2786,46.43,9895247,Rune Eaters,9895392,Virtus.pro,False,dire,1120368,1,,https://www.opendota.com/matches/8896139222
opendota,ewc_2026,Esports World Cup 2026,19785,8893253595,1783863780,2026-07-12 13:43:00 UTC,3971,66.18,2586976,OG,9895392,Virtus.pro,False,dire,1119761,3,,https://www.opendota.com/matches/8893253595
opendota,ewc_2026,Esports World Cup 2026,19785,8893208737,1783862341,2026-07-12 13:19:01 UTC,2348,39.13,10150538,LGD Gaming,10019843,Inner Circle x Insanity,True,radiant,1119737,3,,https://www.opendota.com/matches/8893208737
opendota,ewc_2026,Esports World Cup 2026,19785,8893165071,1783861320,2026-07-12 13:02:00 UTC,3619,60.32,9823272,Team Yandex,10182357,1w,True,radiant,1119733,3,,https://www.opendota.com/matches/8893165071
opendota,ewc_2026,Esports World Cup 2026,19785,8893106015,1783858806,2026-07-12 12:20:06 UTC,3047,50.78,9895392,Virtus.pro,2586976,OG,True,radiant,1119761,3,,https://www.opendota.com/matches/8893106015
opendota,ewc_2026,Esports World Cup 2026,19785,8893079555,1783857841,2026-07-12 12:04:01 UTC,2704,45.07,10019843,Inner Circle x Insanity,10150538,LGD Gaming,False,dire,1119737,3,,https://www.opendota.com/matches/8893079555
opendota,ewc_2026,Esports World Cup 2026,19785,8893070561,1783857481,2026-07-12 11:58:01 UTC,1890,31.50,10182357,1w,9823272,Team Yandex,False,dire,1119733,3,,https://www.opendota.com/matches/8893070561
opendota,ewc_2026,Esports World Cup 2026,19785,8892958964,1783852811,2026-07-12 10:40:11 UTC,1837,30.62,9828897,REKONIX,9691969,Team Nemesis,True,radiant,1119682,3,,https://www.opendota.com/matches/8892958964
opendota,ewc_2026,Esports World Cup 2026,19785,8892914077,1783851300,2026-07-12 10:15:00 UTC,2604,43.40,7119388,Team Spirit,9824702,PVISION,False,dire,1119683,3,,https://www.opendota.com/matches/8892914077
opendota,ewc_2026,Esports World Cup 2026,19785,8892923329,1783851180,2026-07-12 10:13:00 UTC,4388,73.13,726228,Vici Gaming,9338413,MOUZ,True,radiant,1119680,3,,https://www.opendota.com/matches/8892923329
opendota,ewc_2026,Esports World Cup 2026,19785,8892836635,1783847223,2026-07-12 09:07:03 UTC,1976,32.93,9824702,PVISION,7119388,Team Spirit,False,dire,1119683,3,,https://www.opendota.com/matches/8892836635
opendota,ewc_2026,Esports World Cup 2026,19785,8892835652,1783847102,2026-07-12 09:05:02 UTC,3884,64.73,9691969,Team Nemesis,9828897,REKONIX,False,dire,1119682,3,,https://www.opendota.com/matches/8892835652
opendota,ewc_2026,Esports World Cup 2026,19785,8892829232,1783846800,2026-07-12 09:00:00 UTC,2483,41.38,9338413,MOUZ,726228,Vici Gaming,False,dire,1119680,3,,https://www.opendota.com/matches/8892829232
opendota,ewc_2026,Esports World Cup 2026,19785,8891519142,1783778088,2026-07-11 13:54:48 UTC,2622,43.70,10136357,Nigma Galaxy,10182309,PTime,True,radiant,1119374,3,,https://www.opendota.com/matches/8891519142
opendota,ewc_2026,Esports World Cup 2026,19785,8891497910,1783777029,2026-07-11 13:37:09 UTC,2816,46.93,2163,Team Liquid,9467224,Aurora Gaming,True,radiant,1119315,3,,https://www.opendota.com/matches/8891497910
opendota,ewc_2026,Esports World Cup 2026,19785,8891438996,1783775274,2026-07-11 13:07:54 UTC,2659,44.32,10182299,L1 TEAM,9256405,Level UP esports,False,dire,1119295,3,,https://www.opendota.com/matches/8891438996
opendota,ewc_2026,Esports World Cup 2026,19785,8891371442,1783772700,2026-07-11 12:25:00 UTC,2146,35.77,9467224,Aurora Gaming,2163,Team Liquid,True,radiant,1119315,3,,https://www.opendota.com/matches/8891371442
opendota,ewc_2026,Esports World Cup 2026,19785,8891349244,1783771860,2026-07-11 12:11:00 UTC,3949,65.82,10182309,PTime,10136357,Nigma Galaxy,False,dire,1119304,3,,https://www.opendota.com/matches/8891349244
opendota,ewc_2026,Esports World Cup 2026,19785,8891325877,1783770895,2026-07-11 11:54:55 UTC,2531,42.18,9256405,Level UP esports,10182299,L1 TEAM,True,radiant,1119295,3,,https://www.opendota.com/matches/8891325877
opendota,ewc_2026,Esports World Cup 2026,19785,8891240327,1783766700,2026-07-11 10:45:00 UTC,2541,42.35,9247354,Team Falcons,8261500,Xtreme Gaming,True,radiant,1119248,3,,https://www.opendota.com/matches/8891240327
opendota,ewc_2026,Esports World Cup 2026,19785,8891227605,1783766400,2026-07-11 10:40:00 UTC,2040,34.00,8255888,BoomBoys,9964962,GamerLegion,True,radiant,1119241,3,,https://www.opendota.com/matches/8891227605
opendota,ewc_2026,Esports World Cup 2026,19785,8891217710,1783765956,2026-07-11 10:32:36 UTC,1748,29.13,9895247,Rune Eaters,55,_PowerRangers,True,radiant,1119240,3,,https://www.opendota.com/matches/8891217710
opendota,ewc_2026,Esports World Cup 2026,19785,8891145641,1783761964,2026-07-11 09:26:04 UTC,3550,59.17,8261500,Xtreme Gaming,9247354,Team Falcons,False,dire,1119248,3,,https://www.opendota.com/matches/8891145641
opendota,ewc_2026,Esports World Cup 2026,19785,8891108985,1783760455,2026-07-11 09:00:55 UTC,4058,67.63,9964962,GamerLegion,8255888,BoomBoys,False,dire,1119241,3,,https://www.opendota.com/matches/8891108985
opendota,ewc_2026,Esports World Cup 2026,19785,8891108843,1783760415,2026-07-11 09:00:15 UTC,3594,59.90,55,_PowerRangers,9895247,Rune Eaters,False,dire,1119240,3,,https://www.opendota.com/matches/8891108843
opendota,ewc_2026,Esports World Cup 2026,19785,8890301402,1783708841,2026-07-10 18:40:41 UTC,2326,38.77,9895392,Virtus.pro,10019843,Inner Circle x Insanity,True,radiant,1119035,3,,https://www.opendota.com/matches/8890301402
opendota,ewc_2026,Esports World Cup 2026,19785,8890268632,1783708020,2026-07-10 18:27:00 UTC,2023,33.72,10150538,LGD Gaming,9823272,Team Yandex,False,dire,1119025,3,,https://www.opendota.com/matches/8890268632
opendota,ewc_2026,Esports World Cup 2026,19785,8890270555,1783707672,2026-07-10 18:21:12 UTC,3057,50.95,10182357,1w,2586976,OG,False,dire,1119018,3,,https://www.opendota.com/matches/8890270555
opendota,ewc_2026,Esports World Cup 2026,19785,8890206902,1783705060,2026-07-10 17:37:40 UTC,2098,34.97,10019843,Inner Circle x Insanity,9895392,Virtus.pro,False,dire,1119035,3,,https://www.opendota.com/matches/8890206902
opendota,ewc_2026,Esports World Cup 2026,19785,8890179830,1783704199,2026-07-10 17:23:19 UTC,1975,32.92,9823272,Team Yandex,10150538,LGD Gaming,True,radiant,1119025,3,,https://www.opendota.com/matches/8890179830
opendota,ewc_2026,Esports World Cup 2026,19785,8890162325,1783703283,2026-07-10 17:08:03 UTC,2403,40.05,2586976,OG,10182357,1w,False,dire,1119018,3,,https://www.opendota.com/matches/8890162325
opendota,ewc_2026,Esports World Cup 2026,19785,8890074597,1783699976,2026-07-10 16:12:56 UTC,1673,27.88,7119388,Team Spirit,9828897,REKONIX,True,radiant,1118970,3,,https://www.opendota.com/matches/8890074597
opendota,ewc_2026,Esports World Cup 2026,19785,8890036748,1783699141,2026-07-10 15:59:01 UTC,1343,22.38,9338413,MOUZ,9824702,PVISION,False,dire,1118962,3,,https://www.opendota.com/matches/8890036748
opendota,ewc_2026,Esports World Cup 2026,19785,8890008812,1783697672,2026-07-10 15:34:32 UTC,2318,38.63,726228,Vici Gaming,9691969,Team Nemesis,True,radiant,1118948,3,,https://www.opendota.com/matches/8890008812
opendota,ewc_2026,Esports World Cup 2026,19785,8889944251,1783695507,2026-07-10 14:58:27 UTC,2488,41.47,9828897,REKONIX,7119388,Team Spirit,False,dire,1118970,3,,https://www.opendota.com/matches/8889944251
opendota,ewc_2026,Esports World Cup 2026,19785,8889914618,1783694557,2026-07-10 14:42:37 UTC,2600,43.33,9824702,PVISION,9338413,MOUZ,True,radiant,1118962,3,,https://www.opendota.com/matches/8889914618
opendota,ewc_2026,Esports World Cup 2026,19785,8889871314,1783692721,2026-07-10 14:12:01 UTC,3055,50.92,9691969,Team Nemesis,726228,Vici Gaming,False,dire,1118948,3,,https://www.opendota.com/matches/8889871314
opendota,ewc_2026,Esports World Cup 2026,19785,8889789755,1783690208,2026-07-10 13:30:08 UTC,1992,33.20,10136357,Nigma Galaxy,9256405,Level UP esports,True,radiant,,,,https://www.opendota.com/matches/8889789755
opendota,ewc_2026,Esports World Cup 2026,19785,8889733840,1783688406,2026-07-10 13:00:06 UTC,2657,44.28,9467224,Aurora Gaming,10182309,PTime,True,radiant,1118895,3,,https://www.opendota.com/matches/8889733840
opendota,ewc_2026,Esports World Cup 2026,19785,8889699098,1783686780,2026-07-10 12:33:00 UTC,2531,42.18,2163,Team Liquid,10182299,L1 TEAM,True,radiant,1118894,3,,https://www.opendota.com/matches/8889699098
opendota,ewc_2026,Esports World Cup 2026,19785,8889693867,1783686604,2026-07-10 12:30:04 UTC,1657,27.62,9256405,Level UP esports,10136357,Nigma Galaxy,False,dire,1118910,3,,https://www.opendota.com/matches/8889693867
opendota,ewc_2026,Esports World Cup 2026,19785,8889621582,1783683635,2026-07-10 11:40:35 UTC,2786,46.43,10182309,PTime,9467224,Aurora Gaming,False,dire,1118895,3,,https://www.opendota.com/matches/8889621582
opendota,ewc_2026,Esports World Cup 2026,19785,8889615310,1783683122,2026-07-10 11:32:02 UTC,1695,28.25,2163,Team Liquid,10182299,L1 TEAM,True,radiant,1118894,3,,https://www.opendota.com/matches/8889615310
opendota,ewc_2026,Esports World Cup 2026,19785,8889538949,1783679104,2026-07-10 10:25:04 UTC,4080,68.00,9964962,GamerLegion,9895247,Rune Eaters,False,dire,1118876,3,,https://www.opendota.com/matches/8889538949
opendota,ewc_2026,Esports World Cup 2026,19785,8889524021,1783678860,2026-07-10 10:21:00 UTC,1205,20.08,8261500,Xtreme Gaming,8255888,BoomBoys,False,dire,1118878,3,,https://www.opendota.com/matches/8889524021
opendota,ewc_2026,Esports World Cup 2026,19785,8889513730,1783677731,2026-07-10 10:02:11 UTC,2033,33.88,55,_PowerRangers,9247354,Team Falcons,False,dire,1118877,3,,https://www.opendota.com/matches/8889513730
opendota,ewc_2026,Esports World Cup 2026,19785,8889468264,1783674662,2026-07-10 09:11:02 UTC,2323,38.72,8255888,BoomBoys,8261500,Xtreme Gaming,True,radiant,1118878,3,,https://www.opendota.com/matches/8889468264
opendota,ewc_2026,Esports World Cup 2026,19785,8889452921,1783674096,2026-07-10 09:01:36 UTC,3104,51.73,9895247,Rune Eaters,9964962,GamerLegion,False,dire,1118876,3,,https://www.opendota.com/matches/8889452921
opendota,ewc_2026,Esports World Cup 2026,19785,8889452983,1783674001,2026-07-10 09:00:01 UTC,1878,31.30,9247354,Team Falcons,55,_PowerRangers,True,radiant,1118877,3,,https://www.opendota.com/matches/8889452983
opendota,ewc_2026,Esports World Cup 2026,19785,8888819433,1783625040,2026-07-09 19:24:00 UTC,3166,52.77,10150538,LGD Gaming,10182357,1w,False,dire,1118725,3,,https://www.opendota.com/matches/8888819433
opendota,ewc_2026,Esports World Cup 2026,19785,8888776689,1783623360,2026-07-09 18:56:00 UTC,1426,23.77,9823272,Team Yandex,9895392,Virtus.pro,True,radiant,1118714,3,,https://www.opendota.com/matches/8888776689
opendota,ewc_2026,Esports World Cup 2026,19785,8888771711,1783623122,2026-07-09 18:52:02 UTC,1801,30.02,2586976,OG,10019843,Inner Circle x Insanity,True,radiant,1118710,3,,https://www.opendota.com/matches/8888771711
opendota,ewc_2026,Esports World Cup 2026,19785,8888731478,1783620996,2026-07-09 18:16:36 UTC,1973,32.88,10150538,LGD Gaming,10182357,1w,False,dire,1118725,3,,https://www.opendota.com/matches/8888731478
opendota,ewc_2026,Esports World Cup 2026,19785,8888693655,1783619282,2026-07-09 17:48:02 UTC,1932,32.20,9823272,Team Yandex,9895392,Virtus.pro,True,radiant,1118714,3,,https://www.opendota.com/matches/8888693655
opendota,ewc_2026,Esports World Cup 2026,19785,8888682602,1783618825,2026-07-09 17:40:25 UTC,2590,43.17,2586976,OG,10019843,Inner Circle x Insanity,True,radiant,1118710,3,,https://www.opendota.com/matches/8888682602
opendota,ewc_2026,Esports World Cup 2026,19785,8888592426,1783615381,2026-07-09 16:43:01 UTC,1831,30.52,726228,Vici Gaming,7119388,Team Spirit,False,dire,1118668,3,,https://www.opendota.com/matches/8888592426
opendota,ewc_2026,Esports World Cup 2026,19785,8888554919,1783613352,2026-07-09 16:09:12 UTC,1971,32.85,9824702,PVISION,9828897,REKONIX,True,radiant,1118657,3,,https://www.opendota.com/matches/8888554919
opendota,ewc_2026,Esports World Cup 2026,19785,8888555097,1783613340,2026-07-09 16:09:00 UTC,2585,43.08,9691969,Team Nemesis,9338413,MOUZ,False,dire,1118650,3,,https://www.opendota.com/matches/8888555097
opendota,ewc_2026,Esports World Cup 2026,19785,8888489297,1783610778,2026-07-09 15:26:18 UTC,2650,44.17,726228,Vici Gaming,7119388,Team Spirit,False,dire,1118668,3,,https://www.opendota.com/matches/8888489297
opendota,ewc_2026,Esports World Cup 2026,19785,8888425887,1783608375,2026-07-09 14:46:15 UTC,2877,47.95,9828897,REKONIX,9824702,PVISION,False,dire,1118657,3,,https://www.opendota.com/matches/8888425887
opendota,ewc_2026,Esports World Cup 2026,19785,8888405761,1783607640,2026-07-09 14:34:00 UTC,3817,63.62,9338413,MOUZ,9691969,Team Nemesis,False,dire,1118650,3,,https://www.opendota.com/matches/8888405761
opendota,ewc_2026,Esports World Cup 2026,19785,8888318197,1783604820,2026-07-09 13:47:00 UTC,2430,40.50,10136357,Nigma Galaxy,2163,Team Liquid,True,radiant,1118603,3,,https://www.opendota.com/matches/8888318197
opendota,ewc_2026,Esports World Cup 2026,19785,8888279558,1783603091,2026-07-09 13:18:11 UTC,1889,31.48,10182309,PTime,9256405,Level UP esports,True,radiant,1118590,3,,https://www.opendota.com/matches/8888279558
opendota,ewc_2026,Esports World Cup 2026,19785,8888260336,1783602360,2026-07-09 13:06:00 UTC,2009,33.48,9467224,Aurora Gaming,10182299,L1 TEAM,True,radiant,1118588,3,,https://www.opendota.com/matches/8888260336
opendota,ewc_2026,Esports World Cup 2026,19785,8888217771,1783600601,2026-07-09 12:36:41 UTC,2375,39.58,2163,Team Liquid,10136357,Nigma Galaxy,False,dire,1118603,3,,https://www.opendota.com/matches/8888217771
opendota,ewc_2026,Esports World Cup 2026,19785,8888173515,1783598788,2026-07-09 12:06:28 UTC,2523,42.05,9256405,Level UP esports,10182309,PTime,False,dire,1118590,3,,https://www.opendota.com/matches/8888173515
opendota,ewc_2026,Esports World Cup 2026,19785,8888160657,1783598100,2026-07-09 11:55:00 UTC,2390,39.83,10182299,L1 TEAM,9467224,Aurora Gaming,False,dire,1118588,3,,https://www.opendota.com/matches/8888160657
opendota,ewc_2026,Esports World Cup 2026,19785,8888083694,1783594501,2026-07-09 10:55:01 UTC,2633,43.88,9247354,Team Falcons,9964962,GamerLegion,True,radiant,1118572,3,,https://www.opendota.com/matches/8888083694
opendota,ewc_2026,Esports World Cup 2026,19785,8888066684,1783592999,2026-07-09 10:29:59 UTC,2410,40.17,8255888,BoomBoys,9895247,Rune Eaters,True,radiant,1118573,3,,https://www.opendota.com/matches/8888066684
opendota,ewc_2026,Esports World Cup 2026,19785,8888056358,1783592340,2026-07-09 10:19:00 UTC,2341,39.02,8261500,Xtreme Gaming,55,_PowerRangers,False,dire,1118570,3,,https://www.opendota.com/matches/8888056358
opendota,ewc_2026,Esports World Cup 2026,19785,8887998750,1783588512,2026-07-09 09:15:12 UTC,2297,38.28,9895247,Rune Eaters,8255888,BoomBoys,True,radiant,1118573,3,,https://www.opendota.com/matches/8887998750
opendota,ewc_2026,Esports World Cup 2026,19785,8887988797,1783587935,2026-07-09 09:05:35 UTC,4577,76.28,9964962,GamerLegion,9247354,Team Falcons,False,dire,1118572,3,,https://www.opendota.com/matches/8887988797
opendota,ewc_2026,Esports World Cup 2026,19785,8887986392,1783587765,2026-07-09 09:02:45 UTC,2544,42.40,55,_PowerRangers,8261500,Xtreme Gaming,False,dire,1118570,3,,https://www.opendota.com/matches/8887986392
opendota,ewc_2026,Esports World Cup 2026,19785,8887432754,1783541040,2026-07-08 20:04:00 UTC,1670,27.83,10182357,1w,9895392,Virtus.pro,True,radiant,1118459,3,,https://www.opendota.com/matches/8887432754
opendota,ewc_2026,Esports World Cup 2026,19785,8887337672,1783536259,2026-07-08 18:44:19 UTC,1970,32.83,9823272,Team Yandex,10019843,Inner Circle x Insanity,True,radiant,1118447,3,,https://www.opendota.com/matches/8887337672
opendota,ewc_2026,Esports World Cup 2026,19785,8887325211,1783535641,2026-07-08 18:34:01 UTC,3420,57.00,9895392,Virtus.pro,10182357,1w,False,dire,1118459,3,,https://www.opendota.com/matches/8887325211
opendota,ewc_2026,Esports World Cup 2026,19785,8887314193,1783535100,2026-07-08 18:25:00 UTC,2196,36.60,10150538,LGD Gaming,2586976,OG,True,radiant,1118443,3,,https://www.opendota.com/matches/8887314193
opendota,ewc_2026,Esports World Cup 2026,19785,8887260104,1783532653,2026-07-08 17:44:13 UTC,1663,27.72,9823272,Team Yandex,10019843,Inner Circle x Insanity,True,radiant,1118447,3,,https://www.opendota.com/matches/8887260104
opendota,ewc_2026,Esports World Cup 2026,19785,8887218598,1783530782,2026-07-08 17:13:02 UTC,2494,41.57,2586976,OG,10150538,LGD Gaming,False,dire,1118443,3,,https://www.opendota.com/matches/8887218598
opendota,ewc_2026,Esports World Cup 2026,19785,8887197358,1783530565,2026-07-08 17:09:25 UTC,1770,29.50,726228,Vici Gaming,9824702,PVISION,False,dire,1118425,3,,https://www.opendota.com/matches/8887197358
opendota,ewc_2026,Esports World Cup 2026,19785,8887114313,1783526356,2026-07-08 15:59:16 UTC,2805,46.75,9691969,Team Nemesis,7119388,Team Spirit,False,dire,1118406,3,,https://www.opendota.com/matches/8887114313
opendota,ewc_2026,Esports World Cup 2026,19785,8887100676,1783525843,2026-07-08 15:50:43 UTC,1868,31.13,726228,Vici Gaming,9824702,PVISION,False,dire,1118425,3,,https://www.opendota.com/matches/8887100676
opendota,ewc_2026,Esports World Cup 2026,19785,8887075626,1783524892,2026-07-08 15:34:52 UTC,2506,41.77,9338413,MOUZ,9828897,REKONIX,True,radiant,1118397,3,,https://www.opendota.com/matches/8887075626
opendota,ewc_2026,Esports World Cup 2026,19785,8886994890,1783521901,2026-07-08 14:45:01 UTC,2553,42.55,9691969,Team Nemesis,7119388,Team Spirit,False,dire,1118406,3,,https://www.opendota.com/matches/8886994890
opendota,ewc_2026,Esports World Cup 2026,19785,8886971456,1783520567,2026-07-08 14:22:47 UTC,2304,38.40,9338413,MOUZ,9828897,REKONIX,True,radiant,1118397,3,,https://www.opendota.com/matches/8886971456
opendota,ewc_2026,Esports World Cup 2026,19785,8886893266,1783518544,2026-07-08 13:49:04 UTC,3876,64.60,9467224,Aurora Gaming,10136357,Nigma Galaxy,False,dire,1118356,3,,https://www.opendota.com/matches/8886893266
opendota,ewc_2026,Esports World Cup 2026,19785,8886862310,1783516940,2026-07-08 13:22:20 UTC,1459,24.32,9256405,Level UP esports,2163,Team Liquid,False,dire,1118338,3,,https://www.opendota.com/matches/8886862310
opendota,ewc_2026,Esports World Cup 2026,19785,8886815251,1783515062,2026-07-08 12:51:02 UTC,2252,37.53,10182309,PTime,10182299,L1 TEAM,True,radiant,1118336,3,,https://www.opendota.com/matches/8886815251
opendota,ewc_2026,Esports World Cup 2026,19785,8886788497,1783513891,2026-07-08 12:31:31 UTC,2583,43.05,10136357,Nigma Galaxy,9467224,Aurora Gaming,False,dire,1118356,3,,https://www.opendota.com/matches/8886788497
opendota,ewc_2026,Esports World Cup 2026,19785,8886736772,1783511657,2026-07-08 11:54:17 UTC,3473,57.88,9256405,Level UP esports,2163,Team Liquid,False,dire,1118338,3,,https://www.opendota.com/matches/8886736772
opendota,ewc_2026,Esports World Cup 2026,19785,8886728756,1783511220,2026-07-08 11:47:00 UTC,1977,32.95,10182299,L1 TEAM,10182309,PTime,True,radiant,1118336,3,,https://www.opendota.com/matches/8886728756
opendota,ewc_2026,Esports World Cup 2026,19785,8886641793,1783506480,2026-07-08 10:28:00 UTC,3901,65.02,9964962,GamerLegion,8261500,Xtreme Gaming,False,dire,1118320,3,,https://www.opendota.com/matches/8886641793
opendota,ewc_2026,Esports World Cup 2026,19785,8886640910,1783506282,2026-07-08 10:24:42 UTC,2001,33.35,9895247,Rune Eaters,9247354,Team Falcons,False,dire,1118317,3,,https://www.opendota.com/matches/8886640910
opendota,ewc_2026,Esports World Cup 2026,19785,8886638110,1783506060,2026-07-08 10:21:00 UTC,1808,30.13,55,_PowerRangers,8255888,BoomBoys,False,dire,1118318,3,,https://www.opendota.com/matches/8886638110
opendota,ewc_2026,Esports World Cup 2026,19785,8886572854,1783501703,2026-07-08 09:08:23 UTC,2653,44.22,9964962,GamerLegion,8261500,Xtreme Gaming,False,dire,1118320,3,,https://www.opendota.com/matches/8886572854
opendota,ewc_2026,Esports World Cup 2026,19785,8886576019,1783501510,2026-07-08 09:05:10 UTC,2755,45.92,8255888,BoomBoys,55,_PowerRangers,True,radiant,1118318,3,,https://www.opendota.com/matches/8886576019
opendota,ewc_2026,Esports World Cup 2026,19785,8886567629,1783501257,2026-07-08 09:00:57 UTC,3139,52.32,9895247,Rune Eaters,9247354,Team Falcons,False,dire,1118317,3,,https://www.opendota.com/matches/8886567629
opendota,ewc_2026,Esports World Cup 2026,19785,8886005043,1783453680,2026-07-07 19:48:00 UTC,3309,55.15,9823272,Team Yandex,2586976,OG,False,dire,1118203,3,,https://www.opendota.com/matches/8886005043
opendota,ewc_2026,Esports World Cup 2026,19785,8886013461,1783453361,2026-07-07 19:42:41 UTC,3696,61.60,10150538,LGD Gaming,9895392,Virtus.pro,True,radiant,1118187,3,,https://www.opendota.com/matches/8886013461
opendota,ewc_2026,Esports World Cup 2026,19785,8885974297,1783451948,2026-07-07 19:19:08 UTC,3207,53.45,10182357,1w,10019843,Inner Circle x Insanity,True,radiant,1118190,3,,https://www.opendota.com/matches/8885974297
opendota,ewc_2026,Esports World Cup 2026,19785,8885928262,1783450062,2026-07-07 18:47:42 UTC,1570,26.17,2586976,OG,9823272,Team Yandex,False,dire,1118203,3,,https://www.opendota.com/matches/8885928262
opendota,ewc_2026,Esports World Cup 2026,19785,8885871759,1783448179,2026-07-07 18:16:19 UTC,1892,31.53,10019843,Inner Circle x Insanity,10182357,1w,False,dire,1118190,3,,https://www.opendota.com/matches/8885871759
opendota,ewc_2026,Esports World Cup 2026,19785,8885859920,1783446614,2026-07-07 17:50:14 UTC,4599,76.65,10150538,LGD Gaming,9895392,Virtus.pro,False,dire,,,,https://www.opendota.com/matches/8885859920
opendota,ewc_2026,Esports World Cup 2026,19785,8885784652,1783443540,2026-07-07 16:59:00 UTC,3191,53.18,7119388,Team Spirit,9338413,MOUZ,False,dire,1118153,3,,https://www.opendota.com/matches/8885784652
opendota,ewc_2026,Esports World Cup 2026,19785,8885775271,1783442606,2026-07-07 16:43:26 UTC,1575,26.25,9824702,PVISION,9691969,Team Nemesis,True,radiant,1118158,3,,https://www.opendota.com/matches/8885775271
opendota,ewc_2026,Esports World Cup 2026,19785,8885723512,1783440300,2026-07-07 16:05:00 UTC,3176,52.93,726228,Vici Gaming,9828897,REKONIX,True,radiant,1118150,3,,https://www.opendota.com/matches/8885723512
opendota,ewc_2026,Esports World Cup 2026,19785,8885665054,1783437858,2026-07-07 15:24:18 UTC,2479,41.32,9691969,Team Nemesis,9824702,PVISION,False,dire,1118158,3,,https://www.opendota.com/matches/8885665054
opendota,ewc_2026,Esports World Cup 2026,19785,8885633666,1783436798,2026-07-07 15:06:38 UTC,4197,69.95,9338413,MOUZ,7119388,Team Spirit,False,dire,1118153,3,,https://www.opendota.com/matches/8885633666
opendota,ewc_2026,Esports World Cup 2026,19785,8885614030,1783435921,2026-07-07 14:52:01 UTC,2500,41.67,9828897,REKONIX,726228,Vici Gaming,False,dire,,,,https://www.opendota.com/matches/8885614030
opendota,ewc_2026,Esports World Cup 2026,19785,8885529711,1783433284,2026-07-07 14:08:04 UTC,1315,21.92,9256405,Level UP esports,9467224,Aurora Gaming,False,dire,1118100,3,,https://www.opendota.com/matches/8885529711
opendota,ewc_2026,Esports World Cup 2026,19785,8885473599,1783431420,2026-07-07 13:37:00 UTC,2093,34.88,10182309,PTime,2163,Team Liquid,True,radiant,1118085,3,,https://www.opendota.com/matches/8885473599
opendota,ewc_2026,Esports World Cup 2026,19785,8885470551,1783430880,2026-07-07 13:28:00 UTC,2209,36.82,10182299,L1 TEAM,10136357,Nigma Galaxy,False,dire,1118078,3,,https://www.opendota.com/matches/8885470551
opendota,ewc_2026,Esports World Cup 2026,19785,8885411801,1783428660,2026-07-07 12:51:00 UTC,2143,35.72,9467224,Aurora Gaming,9256405,Level UP esports,True,radiant,1118100,3,,https://www.opendota.com/matches/8885411801
opendota,ewc_2026,Esports World Cup 2026,19785,8885380529,1783427175,2026-07-07 12:26:15 UTC,2312,38.53,10182309,PTime,2163,Team Liquid,False,dire,1118085,3,,https://www.opendota.com/matches/8885380529
opendota,ewc_2026,Esports World Cup 2026,19785,8885365825,1783426680,2026-07-07 12:18:00 UTC,2191,36.52,10136357,Nigma Galaxy,10182299,L1 TEAM,True,radiant,1118078,3,,https://www.opendota.com/matches/8885365825
opendota,ewc_2026,Esports World Cup 2026,19785,8885275216,1783422092,2026-07-07 11:01:32 UTC,3441,57.35,8261500,Xtreme Gaming,9895247,Rune Eaters,True,radiant,1118055,3,,https://www.opendota.com/matches/8885275216
opendota,ewc_2026,Esports World Cup 2026,19785,8885252329,1783421220,2026-07-07 10:47:00 UTC,2419,40.32,8255888,BoomBoys,9247354,Team Falcons,False,dire,1118051,3,,https://www.opendota.com/matches/8885252329
opendota,ewc_2026,Esports World Cup 2026,19785,8885250776,1783420680,2026-07-07 10:38:00 UTC,2845,47.42,55,_PowerRangers,9964962,GamerLegion,False,dire,1118052,3,,https://www.opendota.com/matches/8885250776
opendota,ewc_2026,Esports World Cup 2026,19785,8885195986,1783417108,2026-07-07 09:38:28 UTC,2836,47.27,9895247,Rune Eaters,8261500,Xtreme Gaming,True,radiant,1118055,3,,https://www.opendota.com/matches/8885195986
opendota,ewc_2026,Esports World Cup 2026,19785,8885195787,1783416857,2026-07-07 09:34:17 UTC,1924,32.07,55,_PowerRangers,9964962,GamerLegion,False,dire,1118052,3,,https://www.opendota.com/matches/8885195787
opendota,ewc_2026,Esports World Cup 2026,19785,8885183102,1783416279,2026-07-07 09:24:39 UTC,2623,43.72,9247354,Team Falcons,8255888,BoomBoys,False,dire,1118051,3,,https://www.opendota.com/matches/8885183102
